Comment,Designator,Footprint,Manufacturer,Manufacturer Part Number,Quantity
DSGP.1575.12.4.A.02,AE1,Taoglas_DSGP.1575.12.4.A.02_12x12mm,Taoglas,DSGP.1575.12.4.A.02,1
22uF,"C1,C12",C_0805_2012Metric,Samsung,CL21A226MAQNNNE,2
100nF,"C2,C5,C7,C8,C10,C13,C17,C19,C20",C_0402_1005Metric,Samsung,CL05B104KO5NNNC,9
1uF,C3,C_0402_1005Metric,Samsung,CL05A105KO5NNNC,1
10uF,"C4,C6,C9,C11,C18",C_0603_1608Metric,Samsung,CL10A106KP8NNNC,5
4.7uF,"C14,C15,C16",C_0603_1608Metric,Samsung,CL10A475KO8NNNC,3
Green,D1,LED_0603_1608Metric,Lite-On,LTST-C191KGKT,1
USBLC6-2SC6,D2,SOT-23-6,ST,USBLC6-2SC6,1
USB4105-GF-A,J1,USB_C_Receptacle_GCT_USB4105-xx-A_16P_TopMnt_Horizontal,GCT,USB4105-GF-A,1
S2B-PH-SM4-TB,J2,JST_PH_S2B-PH-SM4-TB_1x02-1MP_P2.00mm_Horizontal,JST,S2B-PH-SM4-TB(LF)(SN),1
FH12-40S-0.5SH(55),J3,Hirose_FH12-40S-0.5SH_1x40-1MP_P0.50mm_Horizontal,Hirose,FH12-40S-0.5SH(55),1
CMS-151125-078L100,LS1,SpeakerPads_2.6mm,Same Sky,CMS-151125-078L100,1
DMG2302U,Q1,SOT-23,Diodes,DMG2302UK-7,1
DMG2305UX,Q2,SOT-23,Diodes,DMG2305UX-7,1
10k,"R1,R21,R22,R23,R24,R25",R_0402_1005Metric,Yageo,RC0402FR-0710KL,6
1k,R2,R_0402_1005Metric,Yageo,RC0402FR-071KL,1
4.7k,"R3,R4",R_0402_1005Metric,Yageo,RC0402FR-074K7L,2
33R,"R5,R6,R7,R8",R_0603_1608Metric,Yageo,RC0603FR-0733RL,4
100R,R9,R_0402_1005Metric,Yageo,RC0402FR-07100RL,1
100k,"R10,R18,R19,R20",R_0402_1005Metric,Yageo,RC0402FR-07100KL,4
5.1k,"R11,R12",R_0402_1005Metric,Yageo,RC0402FR-075K1L,2
0R,"R13,R14",R_0402_1005Metric,Yageo,RC0402JR-070RL,2
2k,R15,R_0402_1005Metric,Yageo,RC0402FR-072KL,1
1M,"R16,R17",R_0402_1005Metric,Yageo,RC0402FR-071ML,2
PTS810,"SW1,SW2,SW3",SW_SPST_PTS810,C&K,PTS810 SJM 250 SMTR LFS,3
SKRTLAE010,"SW4,SW5",SW_Push_1P1T-MP_NO_Horizontal_Alps_SKRTLAE010,Alps Alpine,SKRTLAE010,2
ESP32-S3-WROOM-1-N16R8,U1,ESP32-S3-WROOM-1,Espressif,ESP32-S3-WROOM-1-N16R8,1
BL652-SA-01,U2,Laird_BL652,Ezurio,BL652-SA-01-T/R,1
MAX-M10S,U3,ublox_MAX,u-blox,MAX-M10S-00B,1
LTR-303ALS-01,U4,Lite-On_LTR-303ALS-01,Lite-On,LTR-303ALS-01,1
AP7361C-33E,U5,SOT-223-3_TabPin2,Diodes,AP7361C-33E-13,1
MCP73831-2,U6,SOT-23-5,Microchip,MCP73831T-2ACI/OT,1
MAX98357A,U7,TQFN-16-1EP_3x3mm_P0.5mm_EP1.23x1.23mm,Analog Devices,MAX98357AETE+T,1
BMP581,U8,Bosch_LGA-10_2x2mm_P0.5mm_BMP581,Bosch,BMP581,1
