Designator,Mid X,Mid Y,Layer,Rotation
C1,21.600mm,-14.600mm,Bottom,90.0
C2,21.600mm,-17.400mm,Bottom,90.0
C3,21.600mm,-28.600mm,Bottom,90.0
C4,13.600mm,-29.400mm,Bottom,180.0
C5,16.200mm,-29.400mm,Bottom,180.0
C14,19.800mm,-80.600mm,Bottom,90.0
C15,31.400mm,-78.400mm,Bottom,90.0
C16,37.600mm,-81.800mm,Bottom,90.0
C17,32.800mm,-40.000mm,Bottom,90.0
C18,7.800mm,-75.400mm,Bottom,90.0
C19,9.600mm,-75.400mm,Bottom,90.0
C20,45.600mm,-51.400mm,Bottom,180.0
D2,26.000mm,-79.800mm,Bottom,180.0
J1,26.000mm,-86.600mm,Bottom,180.0
J2,43.600mm,-78.000mm,Bottom,90.0
LS1,12.000mm,-84.600mm,Bottom,180.0
Q2,36.000mm,-74.600mm,Bottom,180.0
R1,21.600mm,-26.400mm,Bottom,90.0
R11,19.800mm,-84.200mm,Bottom,90.0
R12,32.200mm,-84.200mm,Bottom,90.0
R13,22.600mm,-78.200mm,Bottom,90.0
R14,29.400mm,-78.200mm,Bottom,90.0
R15,34.600mm,-81.200mm,Bottom,180.0
R16,30.000mm,-40.000mm,Bottom,90.0
R17,31.400mm,-40.000mm,Bottom,90.0
R18,34.600mm,-40.000mm,Bottom,90.0
R19,36.000mm,-40.000mm,Bottom,90.0
R20,14.600mm,-76.000mm,Bottom,90.0
R21,25.000mm,-36.000mm,Bottom,90.0
R22,26.400mm,-36.000mm,Bottom,90.0
R23,27.800mm,-36.000mm,Bottom,90.0
R24,29.200mm,-36.000mm,Bottom,90.0
R25,30.600mm,-36.000mm,Bottom,90.0
SW4,5.450mm,-34.000mm,Bottom,90.0
SW5,46.550mm,-34.000mm,Bottom,-90.0
U1,36.250mm,-21.000mm,Bottom,90.0
U2,11.050mm,-22.000mm,Bottom,0.0
U6,34.600mm,-78.400mm,Bottom,180.0
U7,11.600mm,-79.000mm,Bottom,180.0
U8,45.600mm,-48.400mm,Bottom,0.0
AE1,27.200mm,-9.400mm,Top,-90.0
C6,12.000mm,-16.900mm,Top,0.0
C7,15.000mm,-16.900mm,Top,0.0
C8,40.800mm,-12.200mm,Top,0.0
C9,18.600mm,-43.400mm,Top,90.0
C10,20.600mm,-43.400mm,Top,90.0
C11,10.200mm,-27.800mm,Top,0.0
C12,8.400mm,-39.400mm,Top,90.0
C13,10.400mm,-39.400mm,Top,90.0
D1,37.000mm,-9.400mm,Top,0.0
J3,26.000mm,-48.700mm,Top,0.0
Q1,40.200mm,-43.800mm,Top,0.0
R2,37.000mm,-11.400mm,Top,0.0
R3,37.000mm,-13.400mm,Top,0.0
R4,39.200mm,-13.900mm,Top,0.0
R5,31.600mm,-43.600mm,Top,90.0
R6,33.300mm,-43.600mm,Top,90.0
R7,35.000mm,-43.600mm,Top,90.0
R8,36.700mm,-43.600mm,Top,90.0
R9,40.200mm,-40.600mm,Top,0.0
R10,43.400mm,-43.800mm,Top,90.0
SW1,13.760mm,-83.700mm,Top,90.0
SW2,26.000mm,-83.700mm,Top,90.0
SW3,38.240mm,-83.700mm,Top,90.0
U3,14.950mm,-9.600mm,Top,0.0
U4,40.800mm,-9.400mm,Top,0.0
U5,11.800mm,-33.000mm,Top,0.0
